rs9415066_WT_rep1,log2FC,log2FC_median,log2FC_sd,n_observations,DNA_sum,DNA_mean,RNA_sum,RNA_mean,n_barcodes,n_replicates,p_value,fdr,classification
scr_157_rep3,3.3167377675175445,3.418501354582415,0.6445778585581778,5,54,10.8,641,128.2,3,3,0.00032576813688933726,0.04910954663606759,Enhancer
rs4644_Mut_rep4,2.8282620895044315,2.8220016980220053,1.0149819236418502,13,173,13.307692307692308,1765,135.76923076923077,8,4,3.4046062014070344e-07,0.000371114736680056,Enhancer
rs2756122_WT_rep2,2.715198884075747,2.5025003405291835,1.759278829601372,11,122,11.090909090909092,1626,147.8181818181818,10,4,0.0004515160055562628,0.049350118014111086,Enhancer
chr15_88834589_pos_control_rep2,2.6136907598731933,2.430207082033129,2.5455889953510598,18,230,12.777777777777779,5923,329.05555555555554,14,4,0.0004298149624744063,0.049350118014111086,Enhancer
rs11740553_WT_rep2,2.3894441592455364,2.2129937233341983,1.4939171232956225,23,299,13.0,2660,115.65217391304348,18,4,1.177671966612337e-07,0.0002840544783468957,Enhancer
rs11022505_Mut_rep1,2.3867398277266507,2.5283789723547887,1.1728132894676244,11,126,11.454545454545455,970,88.18181818181819,9,4,5.0452074131790425e-05,0.014217187181762903,Enhancer
scr_452_rep2,2.352757878902101,2.2587342684001683,0.8045201393080673,9,104,11.555555555555555,643,71.44444444444444,6,3,2.234592424343873e-05,0.010779673855034843,Enhancer
rs11740553_Mut_rep4,2.3001212760637952,1.9582665887413426,1.799128603145422,14,164,11.714285714285714,1875,133.92857142857142,10,4,0.0003572139360259463,0.049350118014111086,Enhancer
rs3761181_WT_rep1,2.27687844701827,2.5025003405291835,1.9870355589248674,17,210,12.352941176470589,2069,121.70588235294117,12,4,0.00022904983531990553,0.04249755406089324,Enhancer
rs12270054_Mut_rep2,2.263904021558478,2.239734685936921,2.215546876774057,18,226,12.555555555555555,2684,149.11111111111111,13,4,0.0004495662255075139,0.049350118014111086,Enhancer
rs12270054_Mut_rep1,2.1506741431667664,1.8011947862396702,2.222340473919883,24,285,11.875,3554,148.08333333333334,19,4,8.877527177753031e-05,0.018971569283650735,Enhancer
rs11740553_Mut_rep1,2.1392461475243487,1.874469117916141,1.3421475629969366,21,253,12.047619047619047,1929,91.85714285714286,19,4,4.6158549338315424e-07,0.000371114736680056,Enhancer
rs9415066_WT_rep2,2.1279149105361626,1.6674246609131291,2.0421891096071523,23,292,12.695652173913043,3444,149.7391304347826,21,4,5.304920590210038e-05,0.014217187181762903,Enhancer
rs4644_WT_rep1,2.1039762567317233,1.6244908649077936,2.1198776775419654,23,295,12.826086956521738,3821,166.1304347826087,16,4,9.438591683408326e-05,0.018971569283650735,Enhancer
rs11740553_Mut_rep2,1.977767171549094,2.289506617194985,1.4614429377698253,13,158,12.153846153846153,1008,77.53846153846153,13,3,0.0003789154164648423,0.049350118014111086,Enhancer
rs28573373_WT_rep2,1.8960434413923268,1.918012132444437,0.5732816629904263,8,100,12.5,429,53.625,6,3,3.315445815066376e-05,0.013142524318202906,Enhancer
rs2929452_Mut_rep3,1.8848120440647647,1.9068905956085185,0.5157745523256888,7,72,10.285714285714286,300,42.857142857142854,6,3,7.017539794818006e-05,0.01692630598510103,Enhancer
rs7187586_Mut_rep1,1.8770029166836264,1.7884958948062883,1.7534917570138477,23,287,12.478260869565217,2496,108.52173913043478,21,4,3.814165432314276e-05,0.013142524318202906,Enhancer
rs1630642_WT_rep1,1.857579552975785,2.132332745706361,1.8268540474323207,18,219,12.166666666666666,1972,109.55555555555556,16,3,0.00047058570245628317,0.049350118014111086,Enhancer
rs441467_Mut_rep1,1.824559861849275,2.09515723304034,1.857104534725877,19,228,12.0,1738,91.47368421052632,17,4,0.00044814320600128354,0.049350118014111086,Enhancer
rs7187586_Mut_rep2,1.714941504530175,1.7049921357762792,1.9095042613561188,40,477,11.925,3830,95.75,29,4,1.4404114496713305e-06,0.0008685681041518123,Enhancer
rs9848960_WT_rep2,1.4867248111583813,1.247705457871432,0.6303989073537337,8,96,12.0,301,37.625,7,3,0.00028506941251338347,0.04585186352431094,Enhancer
rs4644_Mut_rep1,1.2754329156318354,1.4365591850515673,1.0856503145154637,16,207,12.9375,648,40.5,14,3,0.0002851484050019337,0.04585186352431094,Enhancer
